{"cameraMode":{"drawMode":0,"name":"Shaded","section":"Shading Mode"},"sceneLighting":true,"audioPlay":false,"sceneViewState":{"showFog":true,"showMaterialUpdate":false,"showSkybox":true,"showFlares":true,"showImageEffects":true,"showParticleSystems":true},"in2DMode":false,"pivot":{"x":6.8845391273498539,"y":-5.3555450439453129,"z":-12.237910270690918},"rotation":{"x":-0.004025998990982771,"y":0.9388591647148132,"z":-0.34410423040390017,"w":-0.01098392903804779},"size":10.266836166381836,"orthographic":false}